{
  "test_bfs_benchmark": 0.00011074150006606942,
  "test_dfs_benchmark": 0.0004786550000517309
}