{
  "summary": {
    "recall": 0.12,
    "latency": 0.013154208999822004
  },
  "weighted": {
    "recall": 0.12,
    "latency": 0.012954434999755904
  }
}