{
  "test_bubble_sort_benchmark": 0.002556519000108892,
  "test_quick_sort_benchmark": 0.0002611594999279987
}